,loss,mae
0,0.03326183184981346,0.15721479058265686
