,loss,mae
0,0.012723434716463089,0.09554915875196457
