,loss,mae
0,0.029512958601117134,0.15150748193264008
