,loss,mae
0,0.016409995034337044,0.1052851676940918
